{"cameraMode":{"drawMode":0,"name":"Shaded","section":"Shading Mode"},"sceneLighting":true,"audioPlay":false,"sceneViewState":{"m_AlwaysRefresh":false,"showFog":true,"showSkybox":true,"showFlares":true,"showImageEffects":true,"showParticleSystems":true,"showVisualEffectGraphs":true,"m_FxEnabled":true},"in2DMode":false,"pivot":{"x":-3.4084386825561525,"y":8.339123725891114,"z":-1.5530462265014649},"rotation":{"x":0.010631587356328965,"y":-0.7053288817405701,"z":0.010580701753497124,"w":0.7087198495864868},"size":14.815093040466309,"orthographic":true}