{"cameraMode":{"drawMode":0,"name":"Shaded","section":"Shading Mode"},"sceneLighting":false,"audioPlay":false,"sceneViewState":{"m_AlwaysRefresh":false,"showFog":true,"showSkybox":false,"showFlares":true,"showImageEffects":true,"showParticleSystems":true,"showVisualEffectGraphs":true,"m_FxEnabled":true},"in2DMode":false,"pivot":{"x":0.015061920508742333,"y":0.0018478210549801589,"z":0.05327339470386505},"rotation":{"x":0.0646723210811615,"y":-0.8812758922576904,"z":0.12643849849700929,"w":0.4507622718811035},"size":0.8187173008918762,"orthographic":true}