{"cameraMode":{"drawMode":0,"name":"Shaded","section":"Shading Mode"},"sceneLighting":false,"audioPlay":false,"sceneViewState":{"m_AlwaysRefresh":false,"showFog":true,"showSkybox":false,"showFlares":true,"showImageEffects":true,"showParticleSystems":true,"showVisualEffectGraphs":true,"m_FxEnabled":true},"in2DMode":false,"pivot":{"x":1.4453885555267335,"y":1.3962271213531495,"z":-1.2546868324279786},"rotation":{"x":-0.06732627004384995,"y":0.06012280657887459,"z":0.0040645115077495579,"w":0.9959111213684082},"size":2.009291887283325,"orthographic":false}